Job ID,Job URL,Job Title,Company Name,Status,Timestamp,WP ID
371f7d1634f7766c,https://rs.linkedin.com/jobs/view/belgrade-cabin-crew-opportunities-dubai-based-relocation-provided-at-emirates-4432749398,"Belgrade Cabin Crew Opportunities (Dubai Based, Relocation Provided)",,scraped,2026-07-07T02:04:07.041824,
64c3c6c5f5fff0aa,https://rs.linkedin.com/jobs/view/operations-analyst-at-headquarters-4435885753,Operations Analyst,,scraped,2026-07-07T02:04:13.762633,
f248bb94342b335f,https://rs.linkedin.com/jobs/view/marketing-trainee-m-f-at-l-or%C3%A9al-4434989262,Marketing Trainee (m/f),,scraped,2026-07-07T02:04:28.091239,
d7c4765f4048306d,https://rs.linkedin.com/jobs/view/recruiter-intern-at-headquarters-4436103729,Recruiter Intern,,scraped,2026-07-07T02:04:34.584149,
f0124298ae2fd27f,https://rs.linkedin.com/jobs/view/customer-experience-manager-at-exante-4436198449,Customer Experience Manager,,scraped,2026-07-07T02:04:41.336117,
5b16f55317e54483,https://rs.linkedin.com/jobs/view/draftsman-at-bwk-engineers-4436796697,Draftsman,,scraped,2026-07-07T02:04:48.374480,
8bf2a4cfee6ec66e,https://rs.linkedin.com/jobs/view/remote-customer-service-manager-at-huzzle-com-4436345408,Remote Customer Service Manager,,scraped,2026-07-07T02:04:55.957765,
dd7faecad00272e5,https://rs.linkedin.com/jobs/view/general-manager-%E2%80%93-relocation-to-saudi-arabia-at-love-recruitment-international-4436200101,General Manager – Relocation to Saudi Arabia,,scraped,2026-07-07T02:05:03.049129,
042ad8e597e402da,https://rs.linkedin.com/jobs/view/operations-manager-at-adrian-magnus-4436795635,Operations Manager,,scraped,2026-07-07T02:05:10.283794,
287fc139d84be4e5,https://rs.linkedin.com/jobs/view/figma-ui-ux-designer-at-ultahost-4436205249,Figma UI/UX Designer,UltaHost,posted,2026-07-07T02:07:48.303400,20
83dcb1e067c49026,https://rs.linkedin.com/jobs/view/carrier-sales-representative-at-swick-logistics-4433958139,Carrier Sales Representative,,scraped,2026-07-07T02:07:50.978529,
0d7c5fd0f8718801,https://rs.linkedin.com/jobs/view/product-offer-manager-at-schneider-electric-hub-4433945656,Product/Offer Manager,Schneider Electric Hub,posted,2026-07-07T02:09:20.371261,22
b26257d116eadbac,https://rs.linkedin.com/jobs/view/it-billing-administrator-at-candescent-4413350553,IT Billing Administrator,,scraped,2026-07-07T02:09:23.042520,
4ce0f66a9869eb25,https://rs.linkedin.com/jobs/view/english-editor-belgrade-at-mdpi-serbia-3926634382,English Editor Belgrade,,scraped,2026-07-07T02:09:49.486908,
0f3d1cd5544c751a,https://rs.linkedin.com/jobs/view/talent-acqusition-specialist-at-ahold-delhaize-4435458460,Talent Acqusition Specialist,,scraped,2026-07-07T02:09:56.109323,
c0f604718e5d6293,https://rs.linkedin.com/jobs/view/product-offer-manager-at-schneider-electric-4436231381,Product/Offer Manager,Schneider Electric,posted,2026-07-07T02:10:09.098664,22
6352587f866c8413,https://rs.linkedin.com/jobs/view/lease-rental-claims-manager-at-aaa-lease-llc-4436743107,Lease & Rental Claims Manager,,scraped,2026-07-07T02:10:11.700863,
a84d99ed18f6a835,https://rs.linkedin.com/jobs/view/collection-manager-at-manpower-serbia-4437179646,Collection Manager,,scraped,2026-07-07T02:10:39.545996,
60389223df6581c7,https://rs.linkedin.com/jobs/view/real-estate-agent-at-city-expert-4432775093,Real Estate Agent,,scraped,2026-07-07T02:10:47.699039,
7f534f0626d25d3c,https://rs.linkedin.com/jobs/view/shopper-pos-manager-at-beiersdorf-4425306562,Shopper POS Manager,,scraped,2026-07-07T02:10:54.518470,
8f9bdc94634adea9,https://rs.linkedin.com/jobs/view/logistics-specialist-at-ametek-4427544659,Logistics Specialist,,scraped,2026-07-07T02:11:01.308176,
209f0f7344fb715b,https://rs.linkedin.com/jobs/view/content-operations-lead-at-search-atlas-4432714238,Content Operations Lead,,scraped,2026-07-07T02:11:52.097316,
8acaec239ea29c5f,https://rs.linkedin.com/jobs/view/microsoft-sql-database-administrator-at-mahle-4437445230,Microsoft SQL Database Administrator,,scraped,2026-07-07T02:12:06.339547,
d63fa2860ccec40a,https://rs.linkedin.com/jobs/view/service-technician-class-b-at-lithia-driveway-4436233235,Service Technician- Class B,,scraped,2026-07-07T02:12:13.773796,
cb86fab3604060e7,https://rs.linkedin.com/jobs/view/product-manager-billing-at-fundraise-up-4435555455,"Product Manager, Billing",,scraped,2026-07-07T02:12:20.772303,
3b49ed3f08548e55,https://rs.linkedin.com/jobs/view/waiter-waitress-at-courtyard-by-marriott-4435212997,Waiter / Waitress,,scraped,2026-07-07T02:12:27.880993,
a2a5c8194cad60cf,https://rs.linkedin.com/jobs/view/b2b-field-sales-ni%C5%A1-at-apcom-serbia-4413309714,B2B Field Sales - Niš,,scraped,2026-07-07T02:12:34.870592,
bdbe32b865022a79,https://rs.linkedin.com/jobs/view/sales-development-representative-%E2%80%93-emea-at-telesign-4429548471,Sales Development Representative – EMEA,,scraped,2026-07-07T02:12:42.993671,
e9fe07274be88e53,https://rs.linkedin.com/jobs/view/procurement-specialist-integrity-and-resilience-at-al-dahra-4405253211,Procurement Specialist (Integrity and Resilience),,scraped,2026-07-07T02:12:50.128723,
e88dd166a1312d94,https://rs.linkedin.com/jobs/view/business-development-representative-at-silver-bell-group-4433949355,Business Development Representative,,scraped,2026-07-07T02:12:58.590250,
475f382111791bda,https://rs.linkedin.com/jobs/view/safety-specialist-ii-at-precision-medicine-group-4436220199,Safety Specialist II,,scraped,2026-07-07T02:13:07.140714,
26b9df71295a7e8c,https://rs.linkedin.com/jobs/view/serbian-speaking-support-associate-part-time-kragujevac-at-wolt-4436032421,"Serbian-Speaking Support Associate (Part-Time, Kragujevac)",,scraped,2026-07-07T02:13:38.812773,
d4fa3a62665e60f1,https://rs.linkedin.com/jobs/view/senior-employee-service-associate-at-igt-4435042220,Senior Employee Service Associate,,scraped,2026-07-07T02:13:46.103541,
5aaf3da92708f4ac,https://rs.linkedin.com/jobs/view/site-contracts-manager-at-precision-for-medicine-4417509276,Site Contracts Manager,,scraped,2026-07-07T02:14:58.363026,
53fb9f4e7738d669,https://rs.linkedin.com/jobs/view/junior-sales-operations-at-corpsec-io-4436174246,Junior Sales Operations,,scraped,2026-07-07T02:15:37.256008,
8176add92196333c,https://rs.linkedin.com/jobs/view/data-manager-for-clinical-trials-at-psi-cro-4433197285,Data Manager for Clinical Trials,,scraped,2026-07-07T02:15:43.651865,
bf660bdd905b4dde,https://rs.linkedin.com/jobs/view/clinical-supply-specialist-latam-europe-remote-at-worldwide-clinical-trials-4432388057,Clinical Supply Specialist - LATAM/Europe- Remote,,scraped,2026-07-07T02:15:51.364795,
16a18a48d5f61ffb,https://rs.linkedin.com/jobs/view/supervisor-comercial-at-autozone-4427734074,SUPERVISOR COMERCIAL,AutoZone,posted,2026-07-07T02:16:37.596215,24
60b776ed841267d3,https://rs.linkedin.com/jobs/view/safety-specialist-ii-at-precision-for-medicine-4436222167,Safety Specialist II,,scraped,2026-07-07T02:16:40.331271,
9cdc661b5b319c95,https://rs.linkedin.com/jobs/view/cybersecurity-supplier-assessor-at-siemens-energy-4435559170,Cybersecurity Supplier Assessor,,scraped,2026-07-07T02:16:54.883494,
d5ccdc27328be18f,https://rs.linkedin.com/jobs/view/assistant-cra-at-thermo-fisher-scientific-4435503205,Assistant CRA,,scraped,2026-07-07T02:18:14.787506,
a22faba46f9b5503,https://rs.linkedin.com/jobs/view/qa-automation-engineer-at-exante-4437400938,QA Automation Engineer,,scraped,2026-07-07T02:18:34.294353,
8144bcc709539e9b,https://rs.linkedin.com/jobs/view/enterprise-account-executive-eu-b2b-at-tripleten-indonesia-4433726256,Enterprise Account Executive EU (B2B),TripleTen Indonesia,posted,2026-07-07T02:18:50.525729,26
eb9bc6df37016831,https://rs.linkedin.com/jobs/view/entrepreneur-in-residence-eir-at-the-flex-4436938702,Entrepreneur in Residence (EIR),,scraped,2026-07-07T02:18:53.198834,
f48b0f891fe6d061,https://rs.linkedin.com/jobs/view/video-editor-serbia-at-nysonian-inc-4435276283,Video Editor (Serbia),Nysonian Inc.,posted,2026-07-07T02:20:16.442692,28
559b1ebdcd65f7b5,https://rs.linkedin.com/jobs/view/clinical-trials-associate-europe-at-worldwide-clinical-trials-4435480174,Clinical Trials Associate - Europe,Worldwide Clinical Trials,posted,2026-07-07T02:20:24.913147,30
f35e2962194f60f1,https://rs.linkedin.com/jobs/view/nestl%C3%A9-professional-key-account-executive-at-nestl%C3%A9-4417356193,Nestlé Professional Key Account Executive,Nestlé,posted,2026-07-07T02:20:35.487137,32
c58c6f9e23a22350,https://rs.linkedin.com/jobs/view/solutions-architect-ai-python-data-at-provectus-4435103532,"Solutions Architect (AI, Python/Data)",Provectus,posted,2026-07-07T02:20:47.701373,34
d55a35250f0a1356,https://rs.linkedin.com/jobs/view/chief-financial-officer-at-proton-system-4432341607,Chief Financial Officer,,scraped,2026-07-07T02:20:50.505189,
aeca997713e9bb0e,https://rs.linkedin.com/jobs/view/enterprise-account-executive-eu-b2b-at-tripleten-4436770581,Enterprise Account Executive EU (B2B),TripleTen,posted,2026-07-07T02:21:01.805112,26
b59e2b78e2688103,https://rs.linkedin.com/jobs/view/operations-product-manager-at-salmon-group-ltd-4435214252,Operations Product Manager,,scraped,2026-07-07T02:21:04.490063,
6ae46213733ebd86,https://rs.linkedin.com/jobs/view/media-buyer-meta-ads-at-huzzle-com-4432361743,Media Buyer - Meta Ads,,scraped,2026-07-07T02:21:12.023276,
8a639e4f5ab43977,https://rs.linkedin.com/jobs/view/financial-controller-at-grafton-recruitment-4431929931,Financial Controller,,scraped,2026-07-07T02:21:19.098550,
31e7350a18babdde,https://rs.linkedin.com/jobs/view/php-developer-at-neo-group-4436908357,PHP Developer,,scraped,2026-07-07T02:21:26.627025,
d958f6defbb1ffe8,https://rs.linkedin.com/jobs/view/strategic-account-manager-groceries-serbia-at-glovo-4416259421,Strategic Account Manager Groceries - Serbia,,scraped,2026-07-07T02:21:33.124119,
a31c7b96d62d058f,https://rs.linkedin.com/jobs/view/online-english-teacher-remote-europe-balkans-at-nocompanyinc-4427351078,Online English Teacher (Remote - Europe & Balkans),NoCompanyInc.,posted,2026-07-07T02:22:04.384999,36
c0d4b8c36771a9e7,https://rs.linkedin.com/jobs/view/solutions-architect-ai-python-data-at-provectus-4435101589,"Solutions Architect (AI, Python/Data)",,scraped,2026-07-07T02:22:06.996250,
6e4071c69ad2dad2,https://rs.linkedin.com/jobs/view/technical-architect-emea-at-utopia-design-4436944785,Technical Architect (EMEA),,scraped,2026-07-07T02:22:14.208325,
cfee997770b3eb9f,https://rs.linkedin.com/jobs/view/supply-chain-co-founder-cpo-100-%25-remote-m-f-d-at-ewor-4435487054,Supply Chain Co-Founder / CPO (100 % remote) (m/f/d),,scraped,2026-07-07T02:22:20.720761,
9b74e059f561a5b8,https://rs.linkedin.com/jobs/view/claims-processing-agent-freelance-ai-trainer-at-mindrift-4432384531,Claims Processing Agent - Freelance AI Trainer,,scraped,2026-07-07T02:23:30.984544,
6003888153f36e5f,https://rs.linkedin.com/jobs/view/specijalista-za-integrisano-upravljanje-rizicima-at-banca-intesa-beograd-4436739669,Specijalista za integrisano upravljanje rizicima,,scraped,2026-07-07T02:23:38.355675,
82d8ec4e0bb518a5,https://rs.linkedin.com/jobs/view/regional-hr-ssc-specialist-learning-at-mahle-4433234023,Regional HR SSC Specialist - Learning,,scraped,2026-07-07T02:23:45.447612,
c78492d92274bfb1,https://rs.linkedin.com/jobs/view/front-desk-receptionist-at-hotel-maison-royale-4433932978,Front Desk Receptionist,,scraped,2026-07-07T02:23:53.031738,
a68426ceeb15d81b,https://rs.linkedin.com/jobs/view/specijalista-za-transferne-cene-transfer-pricing-specialist-at-pozitiviti-dfk-i-auditors-consultants-and-accountants-4433941882,Specijalista za transferne cene/ Transfer pricing specialist,,scraped,2026-07-07T02:23:59.571044,
b5b8f6aaa5363735,https://rs.linkedin.com/jobs/view/onthaalmedewerker-mol-at-argenta-4424867042,Onthaalmedewerker Mol,,scraped,2026-07-07T02:24:07.557910,
a5177a06407a0a9d,https://rs.linkedin.com/jobs/view/logistics-manager-at-concepta-llc-4435468383,Logistics Manager,Concepta LLC,posted,2026-07-07T02:24:24.325357,38
56352f27556ba5a4,https://rs.linkedin.com/jobs/view/vendor-operations-specialist-vendor-manager-at-palta-4435851214,Vendor Operations Specialist / Vendor Manager,,scraped,2026-07-07T02:24:27.000639,
f75a95c3d794efbf,https://rs.linkedin.com/jobs/view/salesforce-technical-lead-at-better-collective-4436356550,Salesforce Technical Lead,,scraped,2026-07-07T02:24:33.647868,
aaf51fb35eb56b7c,https://rs.linkedin.com/jobs/view/junior-service-technician-ure-at-epiroc-4435576057,Junior Service Technician URE,,scraped,2026-07-07T02:24:41.020800,
c1297484c11fbe54,https://rs.linkedin.com/jobs/view/customer-operations-coordinators-dispatch-at-tomra-4437191680,Customer Operations Coordinators - Dispatch,TOMRA,posted,2026-07-07T02:24:57.489215,40
2c69caf86aa73dc6,https://rs.linkedin.com/jobs/view/relationship-manager-at-nlb-komercijalna-banka-4436488668,Relationship Manager,,scraped,2026-07-07T02:25:00.282863,
5174d4093345dc97,https://rs.linkedin.com/jobs/view/antenna-product-manager-at-quectel-4432393313,Antenna Product Manager,Quectel,posted,2026-07-07T02:25:16.282413,42
139e29f9a54d6b81,https://rs.linkedin.com/jobs/view/consultant-aem-developer-junior-at-ey-4434662493,Consultant (AEM Developer - Junior),EY,posted,2026-07-07T02:25:27.302239,44
a5fb47982b26fed9,https://rs.linkedin.com/jobs/view/menad%C5%BEer-za-velike-klijente-corporate-segment-at-halkbank-ad-beograd-4432345364,Menadžer za velike klijente - corporate segment,,scraped,2026-07-07T02:25:29.985151,
d7cb34ed5615192d,https://rs.linkedin.com/jobs/view/engineering-manager-at-tide-4328782419,Engineering Manager,,scraped,2026-07-07T02:25:38.030365,
e8a50f1925edafe2,https://rs.linkedin.com/jobs/view/junior-it-application-administrator-at-deloitte-4433951114,Junior IT Application Administrator,Deloitte,posted,2026-07-07T02:25:57.467335,46
138e7d9a97fa9f26,https://rs.linkedin.com/jobs/view/sotex-box-sales-representative-belgrade-at-sotex-solutions-4436198600,Sotex Box Sales Representative Belgrade,,scraped,2026-07-07T02:26:00.191932,
70ad653a7a7347d1,https://rs.linkedin.com/jobs/view/finance-ic-coe-supervisor-poland-serbia-at-avon-4435252163,Finance IC COE Supervisor (Poland / Serbia),Avon,posted,2026-07-07T02:26:17.489025,48
513f178a706c1803,https://rs.linkedin.com/jobs/view/order-management-representative-at-grundfos-4427050086,Order Management Representative,GRUNDFOS,posted,2026-07-07T02:27:04.292289,50
116b3e183dc83f98,https://rs.linkedin.com/jobs/view/a2p-sms-account-manager-at-direct7-networks-4432370016,A2P SMS Account Manager,,scraped,2026-07-07T02:27:06.907156,
777de5d32f599296,https://rs.linkedin.com/jobs/view/business-assistant-oncology-rare-disease-serbia-at-medison-pharma-4426986364,"Business Assistant, Oncology & Rare Disease, Serbia",Medison Pharma,posted,2026-07-07T02:27:22.286505,52
5fac9c292c74ab12,https://rs.linkedin.com/jobs/view/engineering-manager-100%25-remote-emea-at-pragmatike-4435821049,Engineering Manager (100% Remote EMEA),,scraped,2026-07-07T02:27:24.899375,
a9e7e952ca5d2903,https://rs.linkedin.com/jobs/view/graduate-ai-software-engineer-at-bending-spoons-4436230544,Graduate AI software engineer,,scraped,2026-07-07T02:27:31.283659,
79daa8ce164f800c,https://rs.linkedin.com/jobs/view/business-intelligence-analyst-at-block-labs-4416521314,Business Intelligence Analyst,,scraped,2026-07-07T02:27:37.970962,
b16ec00fe30cd2c0,https://rs.linkedin.com/jobs/view/sales-development-representative-at-ibasis-4425623303,Sales Development Representative,,scraped,2026-07-07T02:27:44.521081,
2008879e9e1d1bed,https://rs.linkedin.com/jobs/view/project-manager-at-centific-4435453807,Project Manager,,scraped,2026-07-07T02:27:52.989404,
923148cca3dc1f35,https://rs.linkedin.com/jobs/view/ai-first-qa-engineer-at-smartcat-4432321202,AI-first QA Engineer,,scraped,2026-07-07T02:28:16.562818,
fc2b3c96fe19979c,https://rs.linkedin.com/jobs/view/marketing-specialist-at-hikvision-4433960419,Marketing Specialist,,scraped,2026-07-07T02:28:39.057139,
45238c074ebf8f7b,https://rs.linkedin.com/jobs/view/artificial-intelligence-co-founder-cmo-100-%25-remote-m-f-d-at-ewor-4435476650,Artificial Intelligence Co-Founder / CMO (100 % remote) (m/f/d),,scraped,2026-07-07T02:28:49.137217,
8c1452f42a5da275,https://rs.linkedin.com/jobs/view/team-leader-%D1%81%2B%2B-at-m-i-r-a-l-l-c-4431598639,Team Leader С++,M I R A L.L.C,posted,2026-07-07T02:29:04.090288,54
1b0d1799707c5a27,https://rs.linkedin.com/jobs/view/maintenance-engineer-at-bat-4260102152,Maintenance Engineer,,scraped,2026-07-07T02:29:06.560758,
d79b246bf81c10c0,https://rs.linkedin.com/jobs/view/business-development-representative-central-eastern-europe-at-vantage-point-4434310753,Business Development Representative - Central & Eastern Europe,,scraped,2026-07-07T02:29:13.715026,
f0b2ed9049692fd2,https://rs.linkedin.com/jobs/view/account-manager-at-mccann-beograd-4436342518,Account Manager,,scraped,2026-07-07T02:29:20.623003,
5cfc753469449559,https://rs.linkedin.com/jobs/view/senior-email-marketing-manager-at-ruby-labs-4436738512,Senior Email Marketing Manager,,scraped,2026-07-07T02:29:29.238838,
17c7cb8b89a3e345,https://rs.linkedin.com/jobs/view/team-leader-data-management-serbia-remote-at-worldwide-clinical-trials-4426998330,"Team Leader, Data Management - Serbia - Remote",Worldwide Clinical Trials,posted,2026-07-07T02:29:54.469933,56
1b122ade18d7099a,https://rs.linkedin.com/jobs/view/business-analyst-for-mobile-applications-at-solevo-group-4436204280,Business Analyst for Mobile applications,,scraped,2026-07-07T02:29:57.202738,
5913b2551e40edb0,https://rs.linkedin.com/jobs/view/qa-engineer-3%2B-years-experience-at-atfinity-4432741832,QA Engineer (3+ Years Experience),,scraped,2026-07-07T02:30:06.096498,
e95a131552bf7b6c,https://rs.linkedin.com/jobs/view/psp-2nd-line-risk-fraud-agent-at-made-of-storm-4436239667,PSP 2nd Line Risk & Fraud Agent,Made of Storm,posted,2026-07-07T02:30:19.050162,58
27864fe09daf5f77,https://rs.linkedin.com/jobs/view/finance-operations-administrator-belgrade-nikola-tesla-international-airport-at-goldair-handling-4436728451,Finance & Operations Administrator | Belgrade Nikola Tesla International Airport,,scraped,2026-07-07T02:30:21.779117,
d9860878d019a816,https://rs.linkedin.com/jobs/view/hypernet-team-leader-4191-at-hyperoptic-4435117938,Hypernet Team Leader (4191),,scraped,2026-07-07T02:30:29.195538,
3ade93caa3b4eb8a,https://rs.linkedin.com/jobs/view/manufacturing-engineer-at-ametek-4407887087,Manufacturing Engineer,,scraped,2026-07-07T02:30:36.652005,
1c518b40bf8a3e6a,https://rs.linkedin.com/jobs/view/product-lead-entrepreneur-in-residence-project-bonsai-at-jetbrains-4364587595,Product Lead / Entrepreneur in Residence (Project Bonsai),,scraped,2026-07-07T02:30:44.234061,
f889c8df364e5b28,https://rs.linkedin.com/jobs/view/shopify-ai-developer-m-w-d-at-rankist-gmbh-4437191797,Shopify & AI Developer (m/w/d),,scraped,2026-07-07T02:30:50.752901,
2b1a79203f71b419,https://rs.linkedin.com/jobs/view/senior-water%E2%80%93agriculture-foresight-expert-at-ntu-international-a-s-4435578669,Senior Water–Agriculture Foresight Expert,,scraped,2026-07-07T02:32:01.576488,
23f3e708f4ba2e36,https://rs.linkedin.com/jobs/view/admin-assistant-at-igt-4432774366,Admin Assistant,,scraped,2026-07-07T02:33:12.779558,
8af598dbec7ed828,https://rs.linkedin.com/jobs/view/personal-assistant-at-capital-energy-4432332705,Personal Assistant,,scraped,2026-07-07T02:33:27.514442,
8a608ca1a57d3741,https://rs.linkedin.com/jobs/view/junior-fpga-design-engineer-intern-at-tannera-4434322159,Junior FPGA Design Engineer/Intern,,scraped,2026-07-07T02:33:36.094470,
70a83fd2e5070b59,https://rs.linkedin.com/jobs/view/graduate-ai-software-engineer-at-bending-spoons-4436231567,Graduate AI software engineer,,scraped,2026-07-07T02:33:44.579533,
26189d3321e53298,https://rs.linkedin.com/jobs/view/shift-maintenance-technician-mechanic-at-tetra-pak-4435576053,Shift Maintenance Technician - Mechanic,,scraped,2026-07-07T02:33:51.019434,
e7cc39840eec40ba,https://rs.linkedin.com/jobs/view/cloud-operations-architect-at-camlin-group-4433114950,Cloud Operations Architect,,scraped,2026-07-07T02:33:58.328584,
598906db8206d207,https://rs.linkedin.com/jobs/view/talent-acquisition-consultant-belgrade-serbia-at-ncr-atleos-4434622470,"Talent Acquisition Consultant - Belgrade, Serbia",,scraped,2026-07-07T02:34:04.773399,
2e7f97600e17bbf4,https://rs.linkedin.com/jobs/view/english-speaking-games-presenter-blackjack-tables-at-product-pulse-4436210343,English-Speaking Games Presenter BlackJack tables,,scraped,2026-07-07T02:34:36.066128,
4bbbaf8b78f98835,https://rs.linkedin.com/jobs/view/supply-chain-team-leader-at-avnet-4436336983,Supply Chain Team Leader,,scraped,2026-07-07T02:34:42.421350,
393fd9e71ae1d6c5,https://rs.linkedin.com/jobs/view/project-manager-at-spiralyze-4435412501,Project Manager,,scraped,2026-07-07T02:35:02.696592,
1d5824ecd0e78246,https://rs.linkedin.com/jobs/view/full-stack-engineer-python-%2B-typescript-at-wiser-technology-4433169273,Full Stack Engineer (Python + Typescript),,scraped,2026-07-07T02:35:21.348368,
16a8abb371188445,https://rs.linkedin.com/jobs/view/talent-recruiter-at-spiralyze-4435420349,Talent Recruiter,,scraped,2026-07-07T02:35:28.097921,
b2932c6f3be5c1fe,https://rs.linkedin.com/jobs/view/customer-competence-center-specialist-at-zf-group-4433167436,Customer Competence Center Specialist,,scraped,2026-07-07T02:35:37.861309,
5bf5091563ad5801,https://rs.linkedin.com/jobs/view/accounting-external-reporting-manager-eam-f-m-x-at-mondel%C4%93z-international-4416902088,"Accounting & External Reporting Manager, EAM (F/M/X)",Mondelēz International,posted,2026-07-07T02:36:13.539016,60
aab22f5de636e79b,https://rs.linkedin.com/jobs/view/head-of-sales-at-hooloovoo-4436485974,Head of Sales,,scraped,2026-07-07T02:36:16.238045,
d16adef45586ed0f,https://rs.linkedin.com/jobs/view/%D0%B5%D0%BB%D0%B5%D0%BA%D1%82%D1%80%D0%BE%D1%82%D0%B5%D1%85%D0%BD%D0%B8%D1%86%D0%B8-electricians-at-kronospan-4362402039,Електротехници / Electricians,,scraped,2026-07-07T02:36:23.199044,
94fdc960592092be,https://rs.linkedin.com/jobs/view/reporting-analytics-specialist-procurement-at-al-dahra-4404369838,Reporting & Analytics Specialist (Procurement),,scraped,2026-07-07T02:36:30.411759,
90b9470caf7f3a8d,https://rs.linkedin.com/jobs/view/head-of-development-at-introserv-4432385074,Head of Development,,scraped,2026-07-07T02:36:38.666477,
23f8319a87376a8e,https://rs.linkedin.com/jobs/view/amazon-dsp-key-accounts-manager-at-full-circle-agency-4434622267,Amazon DSP Key Accounts Manager,,scraped,2026-07-07T02:37:49.453238,
0e7ade7eab0a52a2,https://rs.linkedin.com/jobs/view/senior-product-manager-core-markets-at-fundraise-up-4406980125,"Senior Product Manager, Core Markets",Fundraise Up,posted,2026-07-07T02:39:17.995405,62
269724b2b2a33513,https://rs.linkedin.com/jobs/view/junior-accountant-business-process-solutions-tax-legal-department-at-deloitte-4375533962,Junior Accountant - Business Process Solutions Tax & Legal Department,Deloitte,posted,2026-07-07T02:39:34.941412,64
eadda863295e850b,https://rs.linkedin.com/jobs/view/adc-senior-district-specialist-at-abbott-4437415587,ADC Senior District Specialist,,scraped,2026-07-07T02:39:37.737213,
070d576c212eb797,https://rs.linkedin.com/jobs/view/data-scientist-at-ntt-data-europe-latam-4398810310,Data Scientist,NTT DATA Europe & Latam,posted,2026-07-07T02:40:24.548121,66
0dd364e22dcca83a,https://rs.linkedin.com/jobs/view/head-of-sales-at-the-studio-4435455280,Head of Sales,,scraped,2026-07-07T02:40:27.188837,
349b8bb03d200a0d,https://rs.linkedin.com/jobs/view/human-resources-specialist-belgium-hrbp-support-at-kuehne%2Bnagel-4436360984,Human Resources Specialist- Belgium HRBP Support,,scraped,2026-07-07T02:40:58.010840,
14ece99ba62f3370,https://rs.linkedin.com/jobs/view/electrical-draftsman-at-bwk-engineers-4436795684,Electrical Draftsman,,scraped,2026-07-07T02:41:04.570265,
3aff3530327daa0b,https://rs.linkedin.com/jobs/view/process-engineer-all-genders-at-mtu-aero-engines-4423526589,Process Engineer (all genders),,scraped,2026-07-07T02:41:12.246459,
899ece407d954278,https://rs.linkedin.com/jobs/view/medical-representative-fixed-term-contract-novi-sad-belgrade-nis-at-viatris-4426371452,"Medical Representative Fixed Term Contract (Novi Sad, Belgrade, Nis)",,scraped,2026-07-07T02:41:19.689933,
a685fbb062f97016,https://rs.linkedin.com/jobs/view/senior-process-specialist-at-geodis-4437407210,Senior Process Specialist,,scraped,2026-07-07T02:41:32.639257,
76d7eb9ce9367980,https://rs.linkedin.com/jobs/view/senior-media-buyer-at-wisevu-4435823374,Senior Media Buyer,,scraped,2026-07-07T02:41:40.182989,
532574317c24a006,https://rs.linkedin.com/jobs/view/senior-bim-technician-at-mott-macdonald-4432369330,Senior BIM Technician,,scraped,2026-07-07T02:42:06.989271,
859d43db13cd2220,https://rs.linkedin.com/jobs/view/quality-management-system-engineer-at-boge-rubber-plastics-group-4432395036,Quality Management System Engineer,,scraped,2026-07-07T02:42:13.927553,
f1b780ec1c23bc00,https://rs.linkedin.com/jobs/view/senior-back-office-agent-at-grundfos-4437156846,Senior Back Office Agent,GRUNDFOS,posted,2026-07-07T02:43:06.288695,68
6d9cc6c8e395ce01,https://rs.linkedin.com/jobs/view/ethnic-sales-manager-at-chaudhary-group-4435545101,Ethnic Sales Manager,Chaudhary Group,posted,2026-07-07T02:43:45.253977,70
5462bedbb0f45d0b,https://rs.linkedin.com/jobs/view/senior-regulatory-affairs-associate-cmc-biologics-vaccines-home-or-office-based-at-parexel-4434380212,Senior Regulatory Affairs Associate - CMC biologics/vaccines (home or office based),Parexel,posted,2026-07-07T02:43:57.550483,72
2f90859a6b38b9ad,https://rs.linkedin.com/jobs/view/strategy-manager-%E2%80%93-engage-protect-business-partner-at-telesign-4429551401,Strategy Manager – Engage & Protect Business Partner,Telesign,posted,2026-07-07T02:44:06.885141,74
511adc262fd1a71a,https://rs.linkedin.com/jobs/view/sr-platform-engineer-at-rivian-4435491345,Sr. Platform Engineer,Rivian,posted,2026-07-07T02:44:21.496717,76
83822b0062093564,https://rs.linkedin.com/jobs/view/engine-developer-at-wargaming-4432381874,Engine Developer,,scraped,2026-07-07T02:44:24.317335,
be1dce830f09fc00,https://rs.linkedin.com/jobs/view/superstructure-designer-f-m-d-at-deutsche-bahn-4435375805,Superstructure Designer (f/m/d),,scraped,2026-07-07T02:44:31.664638,
63e70bdfc0b36270,https://rs.linkedin.com/jobs/view/chief-medical-officer-at-allucent-4426746832,Chief Medical Officer,,scraped,2026-07-07T02:44:39.462473,
01cd460aa776d691,https://rs.linkedin.com/jobs/view/back-end-engineer-at-lotusflare-4416337118,Back-End Engineer,,scraped,2026-07-07T02:44:52.596551,
9b0a0dead63e510d,https://rs.linkedin.com/jobs/view/serbian-speaking-support-associate-part-time-belgrade-at-wolt-4436026726,"Serbian-Speaking Support Associate (Part-Time, Belgrade)",,scraped,2026-07-07T02:45:02.353613,
33cd1360788280ad,https://rs.linkedin.com/jobs/view/subscription-operations-reporting-specialist-belgrade-serbia-at-ncr-atleos-4435460391,"Subscription Operations & Reporting Specialist - Belgrade, Serbia",,scraped,2026-07-07T02:45:09.605524,
c9b097ec5c5813ef,https://rs.linkedin.com/jobs/view/senior-react-native-developer-at-ruby-labs-4436922343,Senior React Native Developer,,scraped,2026-07-07T02:45:28.361856,
becd1aad5dfa6138,https://rs.linkedin.com/jobs/view/automation-and-validation-engineer-at-ceva-inc-4435840599,Automation and Validation Engineer,,scraped,2026-07-07T02:45:46.724861,
28d4b0e15f7c2da2,https://rs.linkedin.com/jobs/view/senior-auditor-at-the-finance-generation-4436706255,Senior Auditor,The Finance Generation,posted,2026-07-07T02:46:41.774709,78
e6dc813c888c438b,https://rs.linkedin.com/jobs/view/senior-backend-engineer-m-f-d-at-sap-fioneer-4436089456,Senior Backend Engineer (m/f/d),,scraped,2026-07-07T02:46:44.392226,
547124365055abd7,https://rs.linkedin.com/jobs/view/cad-emulation-graduate-engineer-at-ceva-inc-4435834793,CAD/Emulation Graduate Engineer,,scraped,2026-07-07T02:46:50.711345,
d6645a0f95faef9b,https://rs.linkedin.com/jobs/view/analytics-engineer-at-vast-acquired-by-vroom-jan-2021-4433982017,Analytics Engineer,Vast (Acquired by Vroom Jan 2021),posted,2026-07-07T02:49:16.102824,80
1a44d365652ece4f,https://rs.linkedin.com/jobs/view/chief-accountant-at-netcracker-technology-4436798712,Chief accountant,,scraped,2026-07-07T02:49:18.769602,
14c24a1011a27aae,https://rs.linkedin.com/jobs/view/automation-and-validation-engineer-at-hillcrest-labs-acquired-by-ceva-4433768046,Automation and Validation Engineer,"Hillcrest Labs, acquired by CEVA",posted,2026-07-07T02:50:02.474512,82
83a0f52f7fbdfbfd,https://rs.linkedin.com/jobs/view/treasury-analyst-at-rivian-4394783771,Treasury Analyst,,scraped,2026-07-07T02:50:05.102889,
82d6868df14991d8,https://rs.linkedin.com/jobs/view/it-application-administrator-at-deloitte-4433938497,IT Application Administrator,Deloitte,posted,2026-07-07T02:51:26.941469,84
7e68f6dfe7b94751,https://rs.linkedin.com/jobs/view/senior-training-and-capacity-development-expert-at-ntu-international-a-s-4434988633,Senior Training and Capacity Development Expert,,scraped,2026-07-07T02:51:29.561113,
25db9c00c8342cfa,https://rs.linkedin.com/jobs/view/proposals-manager-pharmacovigilance-at-primevigilance-4435328814,Proposals Manager - Pharmacovigilance,,scraped,2026-07-07T02:51:36.719686,
1db6426aacea41c9,https://rs.linkedin.com/jobs/view/process-senior-specialist-belgrade-serbia-at-ncr-atleos-4434328316,"Process Senior Specialist - Belgrade, Serbia",,scraped,2026-07-07T02:51:44.605341,
111c766cbe0a7cdf,https://rs.linkedin.com/jobs/view/ip-network-engineer-at-webbing-4407505333,IP Network Engineer,,scraped,2026-07-07T02:52:04.196214,
7fb3cceb77f854d3,https://rs.linkedin.com/jobs/view/it-workplace-engineer-at-kuehne%2Bnagel-4427557810,IT Workplace Engineer,,scraped,2026-07-07T02:52:11.856019,
5b04c431c69d7514,https://rs.linkedin.com/jobs/view/credit-controller-at-nelt-group-4434955676,Credit Controller,,scraped,2026-07-07T02:52:18.571642,
f6c5c71b617f5f54,https://rs.linkedin.com/jobs/view/senior-qa-auditor-gcp-audits-at-iqvia-4435051938,Senior QA Auditor - GCP Audits,,scraped,2026-07-07T02:52:27.604469,
a00a2b1b994a298a,https://rs.linkedin.com/jobs/view/sr-clinical-project-manager-europe-at-allucent-4418163033,Sr. Clinical Project Manager (Europe),,scraped,2026-07-07T02:52:34.700011,
ededffee89e0b468,https://rs.linkedin.com/jobs/view/ecommerce-tracking-data-insights-manager-specialist-german-speaking-at-holycode%E2%84%A2-4433155756,eCommerce Tracking & Data Insights Manager/Specialist (German speaking),,scraped,2026-07-07T02:52:53.827229,
66390633ea7f5041,https://rs.linkedin.com/jobs/view/ui-ux-designer-at-sigma-world-4433934253,UI/UX Designer,SiGMA World,posted,2026-07-07T02:53:11.508357,86
554be14e7942f84b,https://rs.linkedin.com/jobs/view/data-quality-engineer-at-hireright-4398033459,Data Quality Engineer,,scraped,2026-07-07T02:53:14.392189,
daa48faeb2c49767,https://rs.linkedin.com/jobs/view/start-up-project-manager-ii-serbia-fsp-at-parexel-4415925868,Start Up Project Manager II - Serbia - FSP,,scraped,2026-07-07T02:53:21.878711,
50d1af9ab09f9904,https://rs.linkedin.com/jobs/view/ai-video-creator-at-the-flex-4436777513,AI Video Creator,,scraped,2026-07-07T02:53:29.379695,
7b93b8c0f6a29757,https://rs.linkedin.com/jobs/view/social-media-specialist-at-designrush-4419887746,Social Media Specialist,,scraped,2026-07-07T02:54:40.556740,
d9a9bfcc3483f9a7,https://rs.linkedin.com/jobs/view/site-start-up-euctr-iii-serbia-fsp-at-parexel-4435280162,Site Start Up EUCTR III - Serbia - FSP,Parexel,posted,2026-07-07T02:54:53.322611,88
629e4bc762fbd54a,https://rs.linkedin.com/jobs/view/prodavac-na-nepuno-radno-vreme-m-%C5%BE-30h-bor-at-jysk-4432769871,"Prodavac na nepuno radno vreme (m/ž), (30h), Bor",,scraped,2026-07-07T02:54:55.771205,
3095cd2c6f3efb64,https://rs.linkedin.com/jobs/view/senior-aso-manager-at-ruby-labs-4436908873,Senior ASO Manager,,scraped,2026-07-07T02:56:06.026986,
7e568c064506cd01,https://rs.linkedin.com/jobs/view/aumovio-program-prakse-at-aumovio-4433505128,AUMOVIO Program prakse,,scraped,2026-07-07T02:56:26.493210,
4c9c12b7d4442ad8,https://rs.linkedin.com/jobs/view/senior-staff-engineer-computing-architecture-at-axelera-ai-4436405538,Senior/Staff Engineer - Computing Architecture,,scraped,2026-07-07T02:56:33.208986,
63e563c940649565,https://rs.linkedin.com/jobs/view/game-designer-ii-at-igt-4433938442,Game Designer II,,scraped,2026-07-07T02:56:40.480889,
ed7248f0263ec5f0,https://rs.linkedin.com/jobs/view/senior-patient-recruitment-and-engagement-lead-site-recruitment-optimization-at-thermo-fisher-scientific-4432758066,Senior Patient Recruitment and Engagement Lead - Site Recruitment Optimization,,scraped,2026-07-07T02:56:54.926935,
635327fd235b8a50,https://rs.linkedin.com/jobs/view/senior-lead-machine-learning-engineer-serving-at-inworld-ai-4397622944,"Senior / Lead Machine Learning Engineer, Serving",,scraped,2026-07-07T02:57:10.028752,
cd8ade2e643218cc,https://rs.linkedin.com/jobs/view/manager-learning-and-development-at-precision-for-medicine-4426621298,"Manager, Learning and Development",,scraped,2026-07-07T02:57:18.360816,
2c7644019a6461a1,https://rs.linkedin.com/jobs/view/fsc-team-lead-iberia-at-ncr-atleos-4426051811,FSC Team Lead - Iberia,,scraped,2026-07-07T02:57:26.468615,
fcc0f6ce1c367200,https://rs.linkedin.com/jobs/view/consultant-senior-consultant-in-the-forensic-department-at-deloitte-4412812824,Consultant/Senior Consultant in the Forensic Department,Deloitte,posted,2026-07-07T02:58:13.659378,90
ff2124d49bb0a7c1,https://rs.linkedin.com/jobs/view/director-of-clinical-projects-clinical-assessment-technologies-europe-remote-at-worldwide-clinical-trials-4396356094,"Director of Clinical Projects, Clinical Assessment Technologies - Europe - Remote",,scraped,2026-07-07T02:58:16.208741,
889c3a993d9c03be,https://rs.linkedin.com/jobs/view/regionalni-hr-ssc-specijalista-sa-znanjem-%C4%8De%C5%A1kog-jezika-at-mahle-4436780334,Regionalni HR SSC Specijalista (sa znanjem češkog jezika),,scraped,2026-07-07T02:58:23.491687,
c51f909e71756f50,https://rs.linkedin.com/jobs/view/regionalni-hr-ssc-specijalista-sa-znanjem-rumunskog-jezika-at-mahle-4437163798,Regionalni HR SSC Specijalista (sa znanjem rumunskog jezika),,scraped,2026-07-07T02:58:31.193191,
5d9a2d87479dafaf,https://rs.linkedin.com/jobs/view/project-manager-%E2%80%93-shared-services-systems-digital-tools-governance-at-tomra-4436110276,"Project Manager – Shared Services, Systems, Digital Tools & Governance",TOMRA,posted,2026-07-07T02:58:47.843353,92
92e4d3e7e0c8c5ff,https://rs.linkedin.com/jobs/view/sqa-engineer-ii-serbia-at-igt-4433150590,SQA Engineer II - Serbia,,scraped,2026-07-07T02:58:50.476026,
7780698a06a8c9de,https://rs.linkedin.com/jobs/view/graduate-software-engineer-at-bending-spoons-4436230552,Graduate software engineer,,scraped,2026-07-07T02:59:10.485237,
8001f9ad9f444dae,https://rs.linkedin.com/jobs/view/protection-technical-project-manager-at-siemens-energy-4435560162,Protection Technical Project Manager,Siemens Energy,posted,2026-07-07T02:59:34.926935,94
0c5b67fbf5b02920,https://rs.linkedin.com/jobs/view/senior-ctm-non-interventional-observational-studies-at-thermo-fisher-scientific-4432741484,"Senior CTM, Non-Interventional/Observational Studies",,scraped,2026-07-07T02:59:37.529885,
e3bcdcc6087301f8,https://rs.linkedin.com/jobs/view/order-management-specialist-dutch-speaking-at-zumtobel-group-4436311024,Order Management Specialist (Dutch speaking),Zumtobel Group,posted,2026-07-07T03:02:01.287521,96
24eea1bfa54a0b6f,https://rs.linkedin.com/jobs/view/senior-devops-engineer-at-better-collective-4436761067,Senior DevOps Engineer,,scraped,2026-07-07T03:02:03.945537,
e4cd71d686263104,https://rs.linkedin.com/jobs/view/phd-level-acoustics-ai-engineer-at-angrylynx-4437196463,PhD-level Acoustics AI Engineer,,scraped,2026-07-07T03:02:11.102775,
138bf081ec5c8d32,https://rs.linkedin.com/jobs/view/bioinformatics-engineer-at-orion-innovation-4416507330,Bioinformatics Engineer,,scraped,2026-07-07T03:02:17.517832,
8420a02eddd2d709,https://rs.linkedin.com/jobs/view/sap-logistics-consultant-sd-s-4hana-at-epam-systems-4418775344,"SAP Logistics Consultant SD, S/4HANA",EPAM Systems,posted,2026-07-07T03:02:35.369920,98
a1227180719cac82,https://rs.linkedin.com/jobs/view/mid-senior-data-analyst-marketing-at-yassir-4435359078,Mid/Senior Data Analyst - Marketing,,scraped,2026-07-07T03:02:37.998146,
3d2dc3fa33c7ef2a,https://rs.linkedin.com/jobs/view/sr-staff-engineer-driver-at-tenstorrent-4406953053,"Sr. Staff Engineer, Driver",,scraped,2026-07-07T03:02:45.770861,
4fafd7b9f12926a6,https://rs.linkedin.com/jobs/view/senior-project-manager-clinical-trials-at-precision-medicine-group-4375338513,Senior Project Manager - Clinical Trials,,scraped,2026-07-07T03:02:52.509683,
fd5ca94fcc9a6b31,https://rs.linkedin.com/jobs/view/finance-analyst-accounting-controlling-at-ncr-atleos-4426962441,Finance Analyst - Accounting & Controlling,,scraped,2026-07-07T03:03:24.309251,
618e6c967b8d8f00,https://rs.linkedin.com/jobs/view/senior-accountant-serbia-at-glovo-4436097042,"Senior Accountant , Serbia",,scraped,2026-07-07T03:03:41.405981,
c3620e29b34b6fba,https://rs.linkedin.com/jobs/view/komercijalni-specijalista-at-hemofarm-a-d-4433103135,Komercijalni specijalista,,scraped,2026-07-07T03:03:47.999387,
66da924b1f1a3161,https://rs.linkedin.com/jobs/view/senior-system-engineer-eastern-europe-at-nutanix-4431746770,"Senior System Engineer, Eastern Europe",,scraped,2026-07-07T03:03:56.015010,
c2df4728b59122c5,https://rs.linkedin.com/jobs/view/full-stack-developer-python-%2B-js-remote-work-ref%23296715-at-bairesdev-4435341378,Full Stack Developer - Python + JS - Remote Work | REF#296715,BairesDev,posted,2026-07-07T03:04:39.030145,100
bd785fac802fa117,https://rs.linkedin.com/jobs/view/c%2B%2B-software-engineer-at-cisco-4416206601,C++ Software Engineer,Cisco,posted,2026-07-07T03:04:52.755026,102
986c47d2e538c314,https://rs.linkedin.com/jobs/view/senior-project-manager-at-mbcom-vmware-division-4432327997,Senior Project Manager,,scraped,2026-07-07T03:04:55.501154,
a5745d835ce02866,https://rs.linkedin.com/jobs/view/full-stack-engineer-mid-level-at-paychex-4434500132,Full-Stack Engineer (mid-level),Paychex,posted,2026-07-07T03:05:32.828537,104
02668d8e9e3b9c4d,https://rs.linkedin.com/jobs/view/german-italian-customer-care-specialist-at-taskus-formerly-heloo-powered-by-taskus-4432391757,German & Italian Customer Care Specialist,,scraped,2026-07-07T03:05:37.748106,
1f63996a6ab0468f,https://rs.linkedin.com/jobs/view/campaign-upsell-associate-at-hyperoptic-4436916821,Campaign Upsell Associate,,scraped,2026-07-07T03:06:48.300109,
bef053aa9ed0cb0e,https://rs.linkedin.com/jobs/view/senior-data-scientist-python-at-proxify-4425491518,Senior Data Scientist (Python),,scraped,2026-07-07T03:06:56.096923,
398f10832066fa2d,https://rs.linkedin.com/jobs/view/sales-agent-renewal-and-retention-at-hyperoptic-4436934140,Sales Agent - Renewal and Retention,,scraped,2026-07-07T03:07:03.169219,
f8900adf32912e1f,https://rs.linkedin.com/jobs/view/senior-climate-adaptation-expert-at-ntu-international-a-s-4435152354,Senior Climate Adaptation Expert,,scraped,2026-07-07T03:07:10.675501,
0605b52234b715c5,https://rs.linkedin.com/jobs/view/program-manager-manufacturing-lvsa-at-eaton-4425308151,Program Manager - Manufacturing LVSA,Eaton,posted,2026-07-07T03:09:06.395432,106
2d5e1a4a2a4eea45,https://rs.linkedin.com/jobs/view/freight-forwarding-team-lead-at-manpower-serbia-4436722960,Freight Forwarding Team Lead,,scraped,2026-07-07T03:09:09.176772,
bde752b46017dafe,https://rs.linkedin.com/jobs/view/returns-claims-associate-at-xometry-emea-apac-4426607906,Returns & Claims Associate,,scraped,2026-07-07T03:09:17.275435,
d66de43b5886e033,https://rs.linkedin.com/jobs/view/senior-patient-safety-specialist-at-astrazeneca-4425246964,Senior Patient Safety Specialist,AstraZeneca,posted,2026-07-07T03:09:34.588184,108
8ae0238ab2fea3cf,https://rs.linkedin.com/jobs/view/customer-support-assistant-all-genders-at-mtu-aero-engines-4427945867,Customer Support Assistant (All genders),,scraped,2026-07-07T03:09:37.369373,
bb77b3ba21894fae,https://rs.linkedin.com/jobs/view/german-french-customer-care-specialist-at-taskus-formerly-heloo-powered-by-taskus-4432700129,German & French Customer Care Specialist,,scraped,2026-07-07T03:09:44.807162,
0c8cdc94ebb734b1,https://rs.linkedin.com/jobs/view/backend-engineer-jr-mid-level-golang-at-sensor-tower-4433937598,Backend Engineer (Jr/Mid Level) - Golang,,scraped,2026-07-07T03:10:55.421798,
8513c9d539bf2a14,https://rs.linkedin.com/jobs/view/backend-developer-at-zensar-technologies-4423231467,Backend developer,,scraped,2026-07-07T03:11:03.246472,
bc96ca5803ca2fbe,https://rs.linkedin.com/jobs/view/inside-sales-representative-czech-english-bilingual-at-the-ddc-group-4432785924,Inside Sales Representative Czech & English BIlingual,,scraped,2026-07-07T03:11:11.217781,
c0b14a82e8439593,https://rs.linkedin.com/jobs/view/senior-agentic-systems-engineer-java-at-terranoha-4437426128,Senior Agentic Systems Engineer (Java),,scraped,2026-07-07T03:11:17.705015,
e110c3fe1562ed40,https://rs.linkedin.com/jobs/view/full-stack-developer-python-%2B-js-remote-work-ref%23296709-at-bairesdev-4435332894,Full Stack Developer - Python + JS - Remote Work | REF#296709,,scraped,2026-07-07T03:11:25.463632,
a2f7248ec5cd1142,https://rs.linkedin.com/jobs/view/change-manager-at-ncr-voyix-4435828330,Change Manager,,scraped,2026-07-07T03:11:52.399512,
3a1a36bf14508954,https://rs.linkedin.com/jobs/view/client-engineer-game-team-at-nordeus-4432756946,Client Engineer (Game Team),,scraped,2026-07-07T03:12:06.893198,
d08c92979cd8b743,https://rs.linkedin.com/jobs/view/%D1%81%D1%82%D0%B0%D1%80%D1%88%D0%B8%D0%B9-%D0%B8%D0%BD%D0%B6%D0%B5%D0%BD%D0%B5%D1%80-%D0%BE%D1%82%D0%B4%D0%B5%D0%BB%D0%B0-%D1%82%D0%B5%D1%81%D1%82%D0%B8%D1%80%D0%BE%D0%B2%D0%B0%D0%BD%D0%B8%D1%8F-at-akytec-doo-4432376556,Старший инженер отдела тестирования,,scraped,2026-07-07T03:12:15.829580,
1b6031d30ee510ed,https://rs.linkedin.com/jobs/view/senior-staff-smart-contract-engineer-at-symbiotic-4435814244,Senior/Staff Smart Contract Engineer,,scraped,2026-07-07T03:12:23.064363,
255b05cd8a07b8e7,https://rs.linkedin.com/jobs/view/senior-devops-engineer-at-roko-labs-4436257931,Senior DevOps Engineer,Roko Labs,posted,2026-07-07T03:12:35.406188,110
5dda148ae9bd4fe0,https://rs.linkedin.com/jobs/view/senior-data-engineer-bi-kpis-at-camlin-group-4433124681,Senior Data Engineer - BI & KPIs,,scraped,2026-07-07T03:12:38.012918,
872966b8ec9713f6,https://rs.linkedin.com/jobs/view/senior-salesforce-developer-at-acronis-4369744555,Senior Salesforce Developer,,scraped,2026-07-07T03:12:44.587862,
6cd7e25dfbb794b2,https://rs.linkedin.com/jobs/view/projektant-ma%C5%A1inskih-instalacija-%E2%80%93-grejanje-ventilacija-klimatizacija-i-sanitarne-instalacije-hvac-at-bauer-elektroanlagen-4433966116,"Projektant mašinskih instalacija – Grejanje, ventilacija, klimatizacija i sanitarne instalacije (HVAC)",,scraped,2026-07-07T03:12:51.724068,
a7a302a6dee8ae73,https://rs.linkedin.com/jobs/view/senior-software-engineer-at-fivetran-4436739970,Senior Software Engineer,,scraped,2026-07-07T03:12:59.307374,
9a5192738c02e31b,https://rs.linkedin.com/jobs/view/freelance-patent-linguists-english-into-multiple-european-languages-at-welocalize-4436206316,Freelance Patent Linguists | English into Multiple European Languages,,scraped,2026-07-07T03:13:16.857500,
c3dafa44a98d2ff5,https://rs.linkedin.com/jobs/view/it-rpa-intern-at-deloitte-4433194806,IT RPA Intern,Deloitte,posted,2026-07-07T03:13:32.908018,112
4c550fb2a61d9cb7,https://rs.linkedin.com/jobs/view/qa-automation-engineer-at-gcore-4436197735,QA Automation Engineer,,scraped,2026-07-07T03:13:35.630458,
a518fa3d3f40aa5c,https://rs.linkedin.com/jobs/view/full-stack-engineer-at-ifindtech-ltd-4433965023,Full Stack Engineer,,scraped,2026-07-07T03:13:42.089428,
169456466d76a97d,https://rs.linkedin.com/jobs/view/inside-sales-representative-german-language-at-manpower-serbia-4436495553,Inside sales representative- German language,,scraped,2026-07-07T03:13:54.003111,
b0774e393cc9d098,https://rs.linkedin.com/jobs/view/senior-ai-engineer-remote-at-finom-4436396663,Senior AI Engineer (Remote),,scraped,2026-07-07T03:14:01.927383,
e7a0940ca6ec33b4,https://rs.linkedin.com/jobs/view/portfolio-activation-intern-marketing-at-mars-4426983300,Portfolio & Activation Intern (Marketing),,scraped,2026-07-07T03:14:08.760350,
8fdb8beeaf9138d4,https://rs.linkedin.com/jobs/view/senior-engineer-backend-at-tide-4435205836,"Senior Engineer, Backend",,scraped,2026-07-07T03:14:15.722018,
d43fd70f8a52b92e,https://rs.linkedin.com/jobs/view/senior-node-js-developer-relocation-to-cyprus-at-fxpro-4437148588,Senior Node.js Developer (Relocation to Cyprus),FxPro,posted,2026-07-07T03:14:32.417441,114
5000af39cfc63a54,https://rs.linkedin.com/jobs/view/regionalni-hr-ssc-team-leader-at-mahle-4437432557,Regionalni HR SSC Team Leader,,scraped,2026-07-07T03:14:35.077879,
fc1f6eb44a802322,https://rs.linkedin.com/jobs/view/ehs-advisor-maternity-cover-at-ball-corporation-4427067164,EHS Advisor (Maternity Cover),,scraped,2026-07-07T03:14:42.797996,
a41c9e217a34e26c,https://rs.linkedin.com/jobs/view/supervisor-services-support-at-ncr-voyix-4422717791,"Supervisor, Services & Support",NCR Voyix,posted,2026-07-07T03:14:58.046410,116
534803b0c6a13197,https://rs.linkedin.com/jobs/view/diplomirani-in%C5%BEenjer-ma%C5%A1instva-4431962717,Diplomirani inženjer mašinstva,Studio Kvadrat Plus DOO,posted,2026-07-07T03:15:05.816778,118
379eba151d9925e7,https://rs.linkedin.com/jobs/view/sap-logistics-consultant-sd-s-4hana-at-epam-systems-4418752748,"SAP Logistics Consultant SD, S/4HANA",EPAM Systems,scraped,2026-07-07T03:15:13.902233,
f9c3110ef615716d,https://rs.linkedin.com/jobs/view/employee-benefits-specialist-at-jetbrains-4414022719,Employee Benefits Specialist,,scraped,2026-07-07T03:15:16.534561,
4cdcbf159181e5e1,https://rs.linkedin.com/jobs/view/fulfillment-specialist-at-ncr-atleos-4435471042,Fulfillment Specialist,,scraped,2026-07-07T03:15:22.851482,
3bb2492d018d51c9,https://rs.linkedin.com/jobs/view/software-development-engineer-in-test-at-kodify-media-group-4435144873,Software Development Engineer in Test,,scraped,2026-07-07T03:15:30.105366,
8b21a2de8d760160,https://rs.linkedin.com/jobs/view/sales-development-account-representative-at-matkex-4432798593,Sales Development & Account Representative,MatkeX,posted,2026-07-07T03:15:44.138159,120
cbcd34d0183b1ea6,https://rs.linkedin.com/jobs/view/senior-network-engineer-%E2%80%93-cloud-hybrid-networking-ot-it-focus-at-magna-international-4417772447,Senior Network Engineer – Cloud & Hybrid Networking (OT/IT Focus),,scraped,2026-07-07T03:15:46.784737,
a700632edf0d211e,https://rs.linkedin.com/jobs/view/salesperson-for-children%E2%80%99s-online-courses-remote-at-kodland-4421941425,Salesperson for Children’s Online Courses (Remote),,scraped,2026-07-07T03:15:53.401499,
93dfac20e5714c9f,https://rs.linkedin.com/jobs/view/sales-specialist-programming-courses-for-kids-remote-at-kodland-4421936528,Sales Specialist | Programming Courses for Kids (Remote),,scraped,2026-07-07T03:16:00.521370,
9ca2a9198db0bb78,https://rs.linkedin.com/jobs/view/senior-frontend-developer-at-igt-4425385296,Senior Frontend Developer,IGT,posted,2026-07-07T03:16:13.950990,122
61d9042b25615e9e,https://rs.linkedin.com/jobs/view/stream-processing-engineer-apache-flink-internals-remote-work-ref%23294353-at-bairesdev-4426546504,Stream Processing Engineer (Apache Flink Internals) - Remote Work | REF#294353,BairesDev,posted,2026-07-07T03:16:22.981795,124
e8f4179c7c1dd1a1,https://rs.linkedin.com/jobs/view/software-eng-dev-iii-serbia-at-igt-4433938440,Software Eng (Dev) III - Serbia,IGT,posted,2026-07-07T03:16:33.417004,126
c6513bebd54cdaec,https://rs.linkedin.com/jobs/view/senior-research-engineer-agentic-behavior-at-jetbrains-4424883385,Senior Research Engineer (Agentic Behavior),,scraped,2026-07-07T03:16:36.019077,
ff778376bc507f42,https://rs.linkedin.com/jobs/view/ai-driven-frontend-developer-at-nortal-4427982407,AI - Driven FrontEnd Developer,,scraped,2026-07-07T03:16:42.201647,
b872db24b0df9bbb,https://rs.linkedin.com/jobs/view/salesforce-delivery-manager-at-epam-systems-4386684918,Salesforce Delivery Manager,EPAM Systems,posted,2026-07-07T03:16:54.803278,128
94aa1622304e02d7,https://rs.linkedin.com/jobs/view/query-engine-engineer-apache-trino-internals-remote-work-ref%23294399-at-bairesdev-4426565404,Query Engine Engineer (Apache Trino Internals) - Remote Work | REF#294399,BairesDev,posted,2026-07-07T03:17:07.957676,130
296cfb5c35114e40,https://rs.linkedin.com/jobs/view/phd-peer-review-need-%E2%80%93-artificial-intelligence-at-fengkai-group-co-limited-4432754064,PHD Peer Review Need – Artificial Intelligence,"Fengkai Group Co., Limited",posted,2026-07-07T03:17:22.131129,132
c556e27b74c0ee1f,https://rs.linkedin.com/jobs/view/phd-peer-review-need-%E2%80%93-instruments-instrumentation-at-fengkai-group-co-limited-4432746220,PHD Peer Review Need – Instruments & Instrumentation,"Fengkai Group Co., Limited",posted,2026-07-07T03:17:36.156673,134
698b0d327058bbd8,https://rs.linkedin.com/jobs/view/phd-peer-review-need-%E2%80%93-nanoscience-and-nanotechnology-at-fengkai-group-co-limited-4432738798,PHD Peer Review Need – Nanoscience and Nanotechnology,"Fengkai Group Co., Limited",posted,2026-07-07T03:17:49.733046,136
56c97cc2facd1e59,https://rs.linkedin.com/jobs/view/phd-peer-review-need-%E2%80%93-materials-science-at-fengkai-group-co-limited-4432745209,PHD Peer Review Need – Materials Science,"Fengkai Group Co., Limited",posted,2026-07-07T03:18:03.289620,138
f5f06d276e66ff85,https://rs.linkedin.com/jobs/view/phd-peer-review-need-%E2%80%93-thermodynamics-at-fengkai-group-co-limited-4432740778,PHD Peer Review Need – Thermodynamics,"Fengkai Group Co., Limited",posted,2026-07-07T03:18:16.200582,140
cda3dae71608364c,https://rs.linkedin.com/jobs/view/phd-peer-review-need-%E2%80%93-applied-chemistry-at-fengkai-group-co-limited-4432733942,PHD Peer Review Need – Applied Chemistry,"Fengkai Group Co., Limited",posted,2026-07-07T03:18:29.954320,142
5a1fd7cd5b647e73,https://rs.linkedin.com/jobs/view/phd-peer-review-need-%E2%80%93-mechanics-at-fengkai-group-co-limited-4432751148,PHD Peer Review Need – Mechanics,"Fengkai Group Co., Limited",posted,2026-07-07T03:18:43.052159,144
7866664f00f882b7,https://rs.linkedin.com/jobs/view/phd-peer-review-need-%E2%80%93-telecommunications-at-fengkai-group-co-limited-4432735913,PHD Peer Review Need – Telecommunications,"Fengkai Group Co., Limited",posted,2026-07-07T03:18:55.876416,146
5a6f8ce16ff9802a,https://rs.linkedin.com/jobs/view/manual-qa-engineer-app-integration-at-action1-4415086157,Manual QA Engineer (App Integration),,scraped,2026-07-07T03:18:58.547091,
c97f3ca7d6f30f51,https://rs.linkedin.com/jobs/view/senior-adobe-commerce-developer-at-proxify-4378350093,Senior Adobe Commerce Developer,,scraped,2026-07-07T03:19:05.509607,
5639fa647638b3a7,https://rs.linkedin.com/jobs/view/lead-azure-ai-security-engineer-at-epam-systems-4432352314,Lead Azure AI Security Engineer,EPAM Systems,posted,2026-07-07T03:19:21.924176,148
a6ced1ae16627b45,https://rs.linkedin.com/jobs/view/software-engineer-golang-at-gcore-4436320768,Software Engineer (Golang),,scraped,2026-07-07T03:19:24.559881,
b39958b262e8a9bc,https://rs.linkedin.com/jobs/view/senior-software-engineer-saas-connectors-at-fivetran-4416691845,Senior Software Engineer - SaaS Connectors,,scraped,2026-07-07T03:19:30.916206,
cf399d3d790fb04d,https://rs.linkedin.com/jobs/view/ui-architect-angular-typescript-at-zensar-technologies-4423222573,UI architect (angular/typescript),,scraped,2026-07-07T03:19:47.615595,
528b3859c2001288,https://rs.linkedin.com/jobs/view/staff-software-engineer-full-stack-remote-work-ref%23290089-at-bairesdev-4420449880,Staff Software Engineer (Full Stack) - Remote Work | REF#290089,,scraped,2026-07-07T03:19:55.572690,
09a044eae095d323,https://rs.linkedin.com/jobs/view/senior-lead-sap-cap-node-js-developer-at-epam-systems-4288592183,Senior/Lead SAP CAP Node.JS Developer,EPAM Systems,posted,2026-07-07T03:20:34.015671,150
e1cfea865118ee32,https://rs.linkedin.com/jobs/view/phd-peer-review-need-%E2%80%93-metallurgical-engineering-at-fengkai-group-co-limited-4432746199,PHD Peer Review Need – Metallurgical Engineering,"Fengkai Group Co., Limited",posted,2026-07-07T03:20:47.305274,152
8eedd8ad56a583e8,https://rs.linkedin.com/jobs/view/staff-senior-backend-engineer-golang-admin-platform-at-easygo-4430900842,Staff/Senior Backend Engineer (Golang) - Admin Platform,,scraped,2026-07-07T03:20:49.958686,
c25abbdef743f3eb,https://rs.linkedin.com/jobs/view/software-golang-kubernetes-engineer-at-gcore-4436715846,Software Golang Kubernetes Engineer,,scraped,2026-07-07T03:20:56.346985,
2443fe06e36ec3e4,https://rs.linkedin.com/jobs/view/principal-electrical-engineer-at-mott-macdonald-4432377243,Principal Electrical Engineer,,scraped,2026-07-07T03:21:02.664775,
7d24af7324f202ae,https://rs.linkedin.com/jobs/view/senior-java-backend-developer-remote-work-ref%23290305-at-bairesdev-4420465458,Senior Java Backend Developer - Remote Work | REF#290305,,scraped,2026-07-07T03:21:09.632962,
647dc83d09ff3077,https://rs.linkedin.com/jobs/view/senior-data-engineer-aws-python-at-proxify-4335272715,Senior Data Engineer (AWS & Python),,scraped,2026-07-07T03:21:18.466378,
e855287ef3d65181,https://rs.linkedin.com/jobs/view/senior-full-stack-engineer-aws-cloud-native-applications-at-ntt-data-europe-latam-4431955596,Senior Full-stack Engineer (AWS & Cloud-Native Applications),NTT DATA Europe & Latam,posted,2026-07-07T03:21:32.847602,154
09b59823585e6e70,https://rs.linkedin.com/jobs/view/senior-backend-developer-python-at-proxify-4366124176,Senior Backend Developer (Python),,scraped,2026-07-07T03:21:35.542509,
f488039cb11276b3,https://rs.linkedin.com/jobs/view/senior-software-engineer-f-m-div-at-infineon-technologies-4427530701,Senior Software Engineer (f/m/div),,scraped,2026-07-07T03:21:42.136021,
d9e5fafa09bb80a7,https://rs.linkedin.com/jobs/view/senior-aws-engineer-at-skyhighgrowth-inc-4431082564,Senior AWS Engineer,,scraped,2026-07-07T03:21:48.575743,
2b28a39dc7cdfcbb,https://rs.linkedin.com/jobs/view/senior-sap-ui5-engineer-at-epam-systems-4388356119,Senior SAP UI5 Engineer,EPAM Systems,posted,2026-07-07T03:22:15.971899,156
5f608a740f91604f,https://rs.linkedin.com/jobs/view/senior-software-engineer-ruby-ror-platform-at-workato-4425987937,"Senior Software Engineer (Ruby/RoR, Platform)",,scraped,2026-07-07T03:22:18.626268,
f0f8f7b58128f47a,https://rs.linkedin.com/jobs/view/senior-system-analyst-1c-for-project-at-social-discovery-group-4328792630,Senior System Analyst 1C (for project),,scraped,2026-07-07T03:22:42.057159,
4fa1d91a5ade85fe,https://rs.linkedin.com/jobs/view/data-steward-at-hornbach-baumarkt-d-o-o-beograd-4420123090,DATA STEWARD,HORNBACH Baumarkt d.o.o. Beograd,posted,2026-07-07T03:22:56.970831,158
85488b77e7de488e,https://rs.linkedin.com/jobs/view/road-logistics-information-systems-specialist-xlog-support-at-kuehne%2Bnagel-4435542769,Road Logistics Information Systems Specialist (xLOG Support),,scraped,2026-07-07T03:22:59.599226,
245614e8b296ef15,https://rs.linkedin.com/jobs/view/devops-at-zensar-technologies-4423219693,DevOps,,scraped,2026-07-07T03:23:05.995629,
09ed725eced8768e,https://rs.linkedin.com/jobs/view/frontline-support-associate-german-and-english-language-at-mplus-4436735757,Frontline Support Associate - German and English language,,scraped,2026-07-07T03:23:13.646476,
4357b1f11d4362ee,https://rs.linkedin.com/jobs/view/phd-peer-review-need-%E2%80%93-biochemistry-and-molecular-biology-at-fengkai-group-co-limited-4432735927,PHD Peer Review Need – Biochemistry and Molecular Biology,"Fengkai Group Co., Limited",posted,2026-07-07T03:23:30.917472,160
3117f6f6556a7f9f,https://rs.linkedin.com/jobs/view/senior-fullstack-developer-python-at-proxify-4366134123,Senior Fullstack Developer (Python),,scraped,2026-07-07T03:23:33.650534,
097096d3378ccedb,https://rs.linkedin.com/jobs/view/sap-bw-bw-on-hana-consultant-at-ntt-data-europe-latam-4406094521,SAP BW / BW on HANA Consultant,NTT DATA Europe & Latam,posted,2026-07-07T03:23:49.030162,162
24ddbae332ad6a08,https://rs.linkedin.com/jobs/view/middle-qa-automation-engineer-at-a1qa-4432789049,Middle QA Automation Engineer,a1qa,posted,2026-07-07T03:23:57.277303,164
f93e2fbb1def84b2,https://rs.linkedin.com/jobs/view/rtsm-associate-uk-europe-remote-at-worldwide-clinical-trials-4415931875,RTSM Associate - UK/Europe - Remote,Worldwide Clinical Trials,posted,2026-07-07T03:24:05.274591,166
8976156b13bdb41f,https://rs.linkedin.com/jobs/view/sap-fi-consultant-invoice-specialist-at-mahle-4435109283,SAP FI Consultant (Invoice specialist),,scraped,2026-07-07T03:24:07.946188,
b2b37bd34f031810,https://rs.linkedin.com/jobs/view/senior-3d-character-artist-world-of-tanks-console-at-wargaming-4432788783,Senior 3D Character Artist (World of Tanks Console),,scraped,2026-07-07T03:24:15.394693,
fdee73aae4de7e8f,https://rs.linkedin.com/jobs/view/digital-service-engineer-at-iti-group-4433186716,Digital Service Engineer,,scraped,2026-07-07T03:24:22.883228,
4fbf2c4d3e0d4b8b,https://rs.linkedin.com/jobs/view/sr-platform-engineer-at-rivian-and-volkswagen-group-technologies-4425541235,Sr. Platform Engineer,Rivian and Volkswagen Group Technologies,posted,2026-07-07T03:24:31.934902,76
90492dd186a601dd,https://rs.linkedin.com/jobs/view/enterprise-security-engineer-cyber-consulting-serbia-at-deloitte-4431909835,Enterprise Security Engineer | Cyber Consulting | Serbia,Deloitte,posted,2026-07-07T03:24:41.388691,168
ce8f891d1c1df7a8,https://rs.linkedin.com/jobs/view/abap-developer-technical-consultant-at-msg-global-solutions-4426070190,ABAP Developer / Technical Consultant,msg global solutions,posted,2026-07-07T03:24:53.858775,170
ddaf0dc600efb190,https://rs.linkedin.com/jobs/view/system-network-administrator-at-talcom-4436729511,System & Network Administrator,,scraped,2026-07-07T03:24:56.513772,
826bddea254c0803,https://rs.linkedin.com/jobs/view/server-developer-world-of-tanks-console-at-wargaming-4432376573,Server Developer (World of Tanks Console),,scraped,2026-07-07T03:25:03.018288,
192aac7d719b6485,https://rs.linkedin.com/jobs/view/projektant-ma%C5%A1inskih-instalacija-team-level-2-at-atp-architects-engineers-4351881373,Projektant mašinskih instalacija Team level 2,,scraped,2026-07-07T03:25:10.191673,
b0270a6e1a304500,https://rs.linkedin.com/jobs/view/sap-basis-lead-at-ball-corporation-4427059995,SAP BASIS Lead,Ball Corporation,posted,2026-07-07T03:25:23.357619,172
8ce8891786a9ecc1,https://rs.linkedin.com/jobs/view/staff-software-engineer-charging-at-rivian-4425528550,"Staff Software Engineer, Charging",Rivian,posted,2026-07-07T03:25:32.890153,174
f10b07a32bcf182f,https://rs.linkedin.com/jobs/view/regionalni-hr-ssc-specijalista-sa-znanjem-slovena%C4%8Dkog-jezika-at-mahle-4437175382,Regionalni HR SSC Specijalista (sa znanjem slovenačkog jezika),,scraped,2026-07-07T03:25:35.507053,
6883598be6147fc3,https://rs.linkedin.com/jobs/view/corporate-cloud-expert-support-engineer-emea-at-acronis-4418437663,Corporate Cloud Expert Support Engineer - EMEA,,scraped,2026-07-07T03:25:42.803836,
40f0e747fee4ced8,https://rs.linkedin.com/jobs/view/senior-software-engineer-c-programmer-at-fivetran-4387495631,Senior Software Engineer - C Programmer,Fivetran,posted,2026-07-07T03:25:58.612734,176
9a9354223d70efb4,https://rs.linkedin.com/jobs/view/sap-insurance-consultant-fs-pm-fs-cm-at-msg-global-solutions-4426074136,SAP Insurance Consultant (FS-PM/FS-CM),msg global solutions,posted,2026-07-07T03:26:12.150572,178
10a18fbdda3e0ea9,https://rs.linkedin.com/jobs/view/senior-mlops-engineer-ml-workflows-engineering-at-jetbrains-4356439756,Senior MLOps Engineer (ML Workflows Engineering),,scraped,2026-07-07T03:26:14.805293,
9e4bf5a29003740a,https://rs.linkedin.com/jobs/view/senior-software-engineer-c%2B%2B-for-jvm-runtime-at-azul-4427552655,Senior Software Engineer (C++) for JVM runtime,,scraped,2026-07-07T03:26:21.089011,
7286f86c966b3b36,https://rs.linkedin.com/jobs/view/senior-hr-generalist-6-months-contract-at-ball-corporation-4427075054,Senior HR Generalist (6 months contract),,scraped,2026-07-07T03:26:37.124187,
73c413717a028da3,https://rs.linkedin.com/jobs/view/senior-data-engineer-contractor-at-mypos-4434308803,Senior Data Engineer (Contractor),,scraped,2026-07-07T03:26:44.849364,
7fde74b35311b872,https://rs.linkedin.com/jobs/view/senior-software-engineer-ruby-ror-chatbots-ai-at-workato-4425996164,"Senior Software Engineer (Ruby/RoR, Chatbots & AI)",,scraped,2026-07-07T03:26:51.951443,
e94cdf30b526f6f8,https://rs.linkedin.com/jobs/view/sap-basis-customer-consultant-with-german-at-ntt-data-europe-latam-4432770575,SAP Basis Customer Consultant with German,NTT DATA Europe & Latam,posted,2026-07-07T03:27:07.124965,180
